{
	"ulid": "01JC8YGMGYP2PGC22BF53817Z5",
	"minTime": 1731138541979,
	"maxTime": 1731153600000,
	"stats": {
		"numSamples": 1043955,
		"numSeries": 444,
		"numChunks": 8884
	},
	"compaction": {
		"level": 2,
		"sources": [
			"01JC88NC2F56WVG9ZS0C4YAYG9",
			"01JC899GJQYQJB9X63X3DVF3AV",
			"01JC8H53EDVYC18NKPECE2FMHA"
		],
		"parents": [
			{
				"ulid": "01JC88NC2F56WVG9ZS0C4YAYG9",
				"minTime": 1731138541979,
				"maxTime": 1731139200000
			},
			{
				"ulid": "01JC899GJQYQJB9X63X3DVF3AV",
				"minTime": 1731139201963,
				"maxTime": 1731146400000
			},
			{
				"ulid": "01JC8H53EDVYC18NKPECE2FMHA",
				"minTime": 1731146400000,
				"maxTime": 1731153600000
			}
		]
	},
	"version": 1
}