{
	"ulid": "01JBRTX8MPCAPAFV4VETM5XPG9",
	"minTime": 1730606352843,
	"maxTime": 1730613600000,
	"stats": {
		"numSamples": 6547,
		"numSeries": 14,
		"numChunks": 60
	},
	"compaction": {
		"level": 2,
		"sources": [
			"01JBRD4A8XEPB60T5F27W58KF6",
			"01JBRD5V2WSY9VJ41ZQ48MTHBE"
		],
		"parents": [
			{
				"ulid": "01JBRD4A8XEPB60T5F27W58KF6",
				"minTime": 1730606352843,
				"maxTime": 1730606400000
			},
			{
				"ulid": "01JBRD5V2WSY9VJ41ZQ48MTHBE",
				"minTime": 1730606402842,
				"maxTime": 1730613600000
			}
		]
	},
	"version": 1
}