<?xml version="1.0" encoding="UTF-8"?>
<beans xmlns="http://www.springframework.org/schema/beans"
	xmlns:p="http://www.springframework.org/schema/p"
	xmlns:context="http://www.springframework.org/schema/context"
	xmlns:tx="http://www.springframework.org/schema/tx"
	xmlns:xsi="http://www.w3.org/2001/XMLSchema-instance" xmlns:aop="http://www.springframework.org/schema/aop"
	xsi:schemaLocation="http://www.springframework.org/schema/beans
		http://www.springframework.org/schema/beans/spring-beans.xsd
		http://www.springframework.org/schema/context
		http://www.springframework.org/schema/context/spring-context.xsd
		http://www.springframework.org/schema/tx
		http://www.springframework.org/schema/tx/spring-tx.xsd
		http://www.springframework.org/schema/aop http://www.springframework.org/schema/aop/spring-aop.xsd">

	<aop:aspectj-autoproxy proxy-target-class="true">
		<aop:include name="serviceAspect"/>
	</aop:aspectj-autoproxy>

	<!-- Scans the classpath for annotated components that will be auto-registered as Spring beans -->
	<context:component-scan base-package="hu.daniel.hari.learn.spring" />
	<!-- Activates various annotations to be detected in bean classes e.g: @Autowired -->
	<context:annotation-config />

	<bean id="dataSource" class="org.springframework.jdbc.datasource.DriverManagerDataSource">
		<property name="driverClassName" value="org.hsqldb.jdbcDriver" />
		<property name="url" value="jdbc:hsqldb:hsql://localhost" />
		<property name="username" value="sa" />
		<property name="password" value="" />
	</bean>
	
	<bean id="entityManagerFactory" class="org.springframework.orm.jpa.LocalContainerEntityManagerFactoryBean"
			p:packagesToScan="hu.daniel.hari.learn.spring.orm.model" p:dataSource-ref="dataSource">
		<property name="jpaProperties">
			<map>
				<entry key="hibernate.ejb.interceptor">
					<ref bean="auditInterceptor" />
				</entry>
			</map>
		</property>
		<property name="jpaVendorAdapter">
			<bean class="org.springframework.orm.jpa.vendor.HibernateJpaVendorAdapter">
				<property name="generateDdl" value="true" />
				<property name="showSql" value="true" />
			</bean>
		</property>
	</bean>



	<!-- Transactions -->
	<bean id="transactionManager" class="org.springframework.orm.jpa.JpaTransactionManager">
		<property name="entityManagerFactory" ref="entityManagerFactory" />
	</bean>
	<tx:annotation-driven transaction-manager="transactionManager" />

	<bean id="applicationEventMulticaster" class="hu.daniel.hari.learn.spring.orm.ZaraApplicationEventMulticaster">
		<property name="asyncEventMulticaster">
			<bean class="org.springframework.context.event.SimpleApplicationEventMulticaster">
				<property name="taskExecutor">
					<bean class="org.springframework.core.task.SimpleAsyncTaskExecutor"/>
				</property>
			</bean>
		</property>
		<property name="syncEventMulticaster">
			<bean class="org.springframework.context.event.SimpleApplicationEventMulticaster"/>
		</property>
	</bean>
	<!--<bean id="eventTaskExecutor" class="org.springframework.scheduling.concurrent.ThreadPoolTaskExecutor">
		<properealNamename="corePoolSize" value="5" />
		<properealNamename="maxPoolSize" value="10" />
		<properealNamename="WaitForTasksToCompleteOnShutdown" value="true" />
	</bean>-->
</beans>