<?xml version="1.0"?>
<configuration debug="true" scan="true" scanPeriod="60 seconds">

    <contextName>dbs-demo</contextName>

    <conversionRule conversionWord="exMsgArgs" converterClass="zodiac.zara.poc.util.ExceptionMessageArgumentConverter"/>

    <property name="log.archive.home" value="${log.home}/archive"/>
    <appender name="stdout" class="ch.qos.logback.core.ConsoleAppender">
        <encoder class="ch.qos.logback.classic.encoder.PatternLayoutEncoder">
            <pattern>%d{"yyyy-MM-dd'T'HH:mm:ss.SSS", UTC} [%d{"XX"}] [%thread] %-5level %logger{50} - %msg %n</pattern>
        </encoder>
    </appender>
    <appender name="dbs-demo" class="ch.qos.logback.core.rolling.RollingFileAppender">
        <file>${log.home}/dbs-demo.log</file>
        <rollingPolicy class="ch.qos.logback.core.rolling.SizeAndTimeBasedRollingPolicy">
            <fileNamePattern>${log.archive.home}/dbs-demo.%d{yyyy-MM-dd}.%i.log.zip</fileNamePattern>
            <maxFileSize>100MB</maxFileSize>
            <maxHistory>20</maxHistory>
            <cleanHistoryOnStart>true</cleanHistoryOnStart>
        </rollingPolicy>
        <encoder class="ch.qos.logback.classic.encoder.PatternLayoutEncoder">
            <pattern>%d{"yyyy-MM-dd'T'HH:mm:ss.SSS", UTC} [%d{"XX"}] [%thread] %-5level - %msg%n
            </pattern>
        </encoder>
    </appender>
    <logger name="zodiac" level="INFO" additivity="false">
        <appender-ref ref="dbs-demo"/>
    </logger>

    <logger name="org.hibernate" level="ERROR" additivity="false">
        <appender-ref ref="dbs-demo"/>
    </logger>


    <!-- Log SQL Query and Its parameter -->

    <logger name="org.hibernate.SQL" level="TRACE" additivity="false">
        <appender-ref ref="dbs-demo"/>
    </logger>
    <logger name="org.hibernate.orm.jdbc.bind" level="TRACE" additivity="false">
        <appender-ref ref="dbs-demo"/>
    </logger>

    <logger name="org.springframework" level="ERROR" additivity="false">
        <appender-ref ref="dbs-demo"/>
    </logger>

    <logger name="org.glassfish.jersey" level="INFO" additivity="false">
        <appender-ref ref="dbs-demo"/>
    </logger>

    <logger name="org.apache.commons" level="INFO" additivity="false">
        <appender-ref ref="dbs-demo"/>
    </logger>

    <logger name="requestResponse" level="INFO" additivity="false">
        <appender-ref ref="dbs-demo"/>
    </logger>
    <root level="INFO">
        <appender-ref ref="dbs-demo"/>
    </root>

</configuration>