<?xml version="1.0" encoding="UTF8"?>
<toolchains xmlns="http://maven.apache.org/TOOLCHAINS/1.1.0" xmlns:xsi="http://www.w3.org/2001/XMLSchema-instance"
  xsi:schemaLocation="http://maven.apache.org/TOOLCHAINS/1.1.0 http://maven.apache.org/xsd/toolchains-1.1.0.xsd">
  <toolchain>
    <type>jdk</type>
    <provides>
      <version>21</version>
      <vendor>oracle</vendor>
    </provides>
    <configuration>
      <jdkHome>${env.JAVA_HOME}</jdkHome>
    </configuration>
  </toolchain>
</toolchains>
