{
	"ulid": "01JC899GRX162WYZTP0NZSH7PB",
	"minTime": 1731076251979,
	"maxTime": 1731088800000,
	"stats": {
		"numSamples": 655751,
		"numSeries": 444,
		"numChunks": 5772
	},
	"compaction": {
		"level": 2,
		"sources": [
			"01JC7YBPETZ9BG3HHGRWHPGANQ",
			"01JC7YBPJ3DXFTYWQ9CMR4YK4B"
		],
		"parents": [
			{
				"ulid": "01JC7YBPETZ9BG3HHGRWHPGANQ",
				"minTime": 1731076251979,
				"maxTime": 1731081600000
			},
			{
				"ulid": "01JC7YBPJ3DXFTYWQ9CMR4YK4B",
				"minTime": 1731081601763,
				"maxTime": 1731088800000
			}
		]
	},
	"version": 1
}