{
	"ulid": "01JC7YBPQCXJHERZY9V0B0DXZM",
	"minTime": 1730984785584,
	"maxTime": 1731002400000,
	"stats": {
		"numSamples": 1092988,
		"numSeries": 559,
		"numChunks": 8525
	},
	"compaction": {
		"level": 2,
		"sources": [
			"01JC3P15DTAXGCV6ARHJYG4MJY",
			"01JC62YRASNP6X5ZCY8CBDNY73",
			"01JC62YREN9W2S4P8B02ZFTG83"
		],
		"parents": [
			{
				"ulid": "01JC3P15DTAXGCV6ARHJYG4MJY",
				"minTime": 1730984785584,
				"maxTime": 1730988000000
			},
			{
				"ulid": "01JC62YRASNP6X5ZCY8CBDNY73",
				"minTime": 1730988000000,
				"maxTime": 1730995200000
			},
			{
				"ulid": "01JC62YREN9W2S4P8B02ZFTG83",
				"minTime": 1730995200572,
				"maxTime": 1731002400000
			}
		]
	},
	"version": 1
}