{
	"ulid": "01JCAYYADN5JC2581FNEGKJGFK",
	"minTime": 1731153600000,
	"maxTime": 1731175200000,
	"stats": {
		"numSamples": 239760,
		"numSeries": 444,
		"numChunks": 2667
	},
	"compaction": {
		"level": 2,
		"sources": [
			"01JC8SK2M8MBMCRM0R3M6YPNHG",
			"01JC8YGMBXXE5FA86XM8E8KNDK",
			"01JCAEFKFE0ZNH4R9R1XDPF7AD"
		],
		"parents": [
			{
				"ulid": "01JC8SK2M8MBMCRM0R3M6YPNHG",
				"minTime": 1731153600000,
				"maxTime": 1731160800000
			},
			{
				"ulid": "01JC8YGMBXXE5FA86XM8E8KNDK",
				"minTime": 1731160800000,
				"maxTime": 1731168000000
			},
			{
				"ulid": "01JCAEFKFE0ZNH4R9R1XDPF7AD",
				"minTime": 1731168000000,
				"maxTime": 1731175200000
			}
		]
	},
	"version": 1
}