<?xml version="1.0"?>
<configuration debug="true" scan="true" scanPeriod="60 seconds">

    <contextName>dbs-server</contextName>

    <conversionRule conversionWord="exMsgArgs" converterClass="zodiac.zara.base.service.ExceptionMessageArgumentConverter" />

    <property name="log.archive.home" value="${log.home}/archive"/>
    <appender name="stdout" class="ch.qos.logback.core.ConsoleAppender">
        <encoder class="ch.qos.logback.classic.encoder.PatternLayoutEncoder">
            <pattern>%d{"yyyy-MM-dd'T'HH:mm:ss.SSS", UTC} [%d{"XX"}] [%thread] %-5level %logger{50} - %msg %n</pattern>
        </encoder>
    </appender>
    <appender name="dbs-server-json" class="ch.qos.logback.core.rolling.RollingFileAppender">
        <file>${log.home}/dbs-server.log</file>
        <rollingPolicy class="ch.qos.logback.core.rolling.SizeAndTimeBasedRollingPolicy">
            <!-- rollover daily -->
            <fileNamePattern>${log.archive.home}/dbs-server1.%d{yyyy-MM-dd}.%i.log.zip</fileNamePattern>
            <!-- each file should be at most 30MB, keep 30 days worth of history. -->
            <maxFileSize>100MB</maxFileSize>
            <maxHistory>20</maxHistory>
            <minIndex>1</minIndex>
            <maxIndex>5</maxIndex>
            <cleanHistoryOnStart>true</cleanHistoryOnStart>
        </rollingPolicy>
        <encoder class="net.logstash.logback.encoder.LoggingEventCompositeJsonEncoder">
            <providers>
                <timestamp>
                    <fieldName>utcTime</fieldName>
                    <timeZone>UTC</timeZone>
                </timestamp>
                <timestamp>
                    <fieldName>localTime</fieldName>
                </timestamp>
                <logLevel/>
                <threadName>
                    <fieldName>threadName</fieldName>
                </threadName>
                <mdc/>
                <loggerName>
                    <fieldName>loggerName</fieldName>
                </loggerName>
                <callerData>
                    <classFieldName>class</classFieldName>
                    <methodFieldName>method</methodFieldName>
                    <fileFieldName>file</fileFieldName>
                    <lineFieldName>line</lineFieldName>
                </callerData>
                <message/>
                <throwableClassName/>
                <stackTrace>
                    <fieldName>stackTrace</fieldName>
                    <throwableConverter class="net.logstash.logback.stacktrace.ShortenedThrowableConverter">
                        <maxDepthPerThrowable>200</maxDepthPerThrowable>
                        <maxLength>5000</maxLength>
                        <rootCauseFirst>true</rootCauseFirst>
                    </throwableConverter>
                </stackTrace>
            </providers>
        </encoder>
        <!--<encoder class="net.logstash.logback.encoder.LogstashEncoder" />-->
        <!--<encoder class="ch.qos.logback.classic.encoder.PatternLayoutEncoder">
            <pattern>%d{"yyyy-MM-dd'T'HH:mm:ss.SSS'Z'", UTC} [%d{"z"}][%d{"XX"}] %-5p [%15.15t] [%X{traceId}/%X{spanId}/%X{userId}/%X{siteCode}] [%X{classSimpleName}/%X{methodShortName}] %logger{0}.%M.%L - %msg %exMsgArgs%n%rEx{full,
                ch.qos.logback.access.tomcat.LogbackValve.invoke,
                org.apache.catalina,
                org.apache.coyote.http11.Http11Processor.service,
                org.apache.coyote.AbstractProcessorLight.process,
                org.apache.coyote.AbstractProtocol$ConnectionHandler.process,
                org.apache.tomcat.websocket.server.WsFilter.doFilter,
                org.apache.tomcat.util.net.NioEndpoint$SocketProcessor.doRun,
                org.apache.tomcat.util.net.SocketProcessorBase.run,
                org.apache.tomcat.util.threads.TaskThread$WrappingRunnable.run,
                org.springframework.aop,
                org.springframework.security,
                org.springframework.transaction,
                org.springframework.web,
                org.springframework.cglib,
                org.springframework.cache,
                sun.reflect,
                net.sf.cglib,
                ByCGLIB,
                FastClassBySpringCGLIB,
                javax.servlet.http.HttpServlet.service,
                java.lang.Thread.run,
                java.lang.reflect.Method,
                java.util.concurrent.ThreadPoolExecutor.runWorker,
                java.util.concurrent.ThreadPoolExecutor$Worker.run,
                zodiac.zara.base.util.ZaraHttpRequestLoggingFilter.doFilterInternal,
                zodiac.zara.base.trace
                }
            </pattern>
        </encoder>-->
    </appender>
    <appender name="dbs-server" class="ch.qos.logback.core.rolling.RollingFileAppender">
        <file>${log.home}/dbs-server1.log</file>
        <rollingPolicy class="ch.qos.logback.core.rolling.SizeAndTimeBasedRollingPolicy">
            <fileNamePattern>${log.archive.home}/dbs-server2.%d{yyyy-MM-dd}.%i.log.zip</fileNamePattern>
            <maxFileSize>100MB</maxFileSize>
            <maxHistory>20</maxHistory>
            <cleanHistoryOnStart>true</cleanHistoryOnStart>
        </rollingPolicy>
        <encoder class="ch.qos.logback.classic.encoder.PatternLayoutEncoder">
            <pattern>%d{"yyyy-MM-dd'T'HH:mm:ss.SSS", UTC} [%d{"XX"}] [%thread] %-5level - %msg%n
            </pattern>
        </encoder>
    </appender>
    <appender name="asyncLogger" class="ch.qos.logback.classic.AsyncAppender" >
        <!--<appender-ref ref="dbs-server-json" />-->
        <appender-ref ref="dbs-server" />
        <!--<discardingThreshold>0</discardingThreshold>
        <maxFlushTime>1000</maxFlushTime>
        <neverBlock>false</neverBlock>
        <queueSize>1000</queueSize>-->
    </appender>

    <logger name="zodiac" level="INFO" additivity="false">
        <appender-ref ref="dbs-server"/>
    </logger>

    <logger name="org.hibernate" level="ERROR" additivity="false">
        <appender-ref ref="dbs-server"/>
    </logger>


    <!-- Log SQL Query and Its parameter -->

    <logger name="org.hibernate.SQL" level="TRACE" additivity="false">
        <appender-ref ref="dbs-server"/>
    </logger>
    <logger name="org.hibernate.orm.jdbc.bind" level="TRACE" additivity="false">
        <appender-ref ref="dbs-server"/>
    </logger>

    <logger name="org.springframework" level="ERROR" additivity="false">
        <appender-ref ref="dbs-server"/>
    </logger>

    <logger name="org.glassfish.jersey" level="INFO" additivity="false">
        <appender-ref ref="dbs-server"/>
    </logger>

    <logger name="org.apache.commons" level="INFO" additivity="false">
        <appender-ref ref="dbs-server"/>
    </logger>

    <logger name="requestResponse" level="INFO" additivity="false">
        <appender-ref ref="dbs-server"/>
    </logger>

    <root level="INFO">
        <appender-ref ref="asyncLogger"/>
    </root>

</configuration>