{
	"ulid": "01JC3P15RS7ZJPTPHPBQNY0MST",
	"minTime": 1730613600000,
	"maxTime": 1730649600000,
	"stats": {
		"numSamples": 1422241,
		"numSeries": 828,
		"numChunks": 12055
	},
	"compaction": {
		"level": 3,
		"sources": [
			"01JBRM1HRQAGGMB3ATZX86DC1R",
			"01JBRTX8FCD33WZGQ9SEPEN070",
			"01JBS3ASYKQPJNME964HH2Q28G",
			"01JC158AK4ASWJBSQRCJGCRJ5W",
			"01JC158AQRZBZMX8AMEBVPPCR2"
		],
		"parents": [
			{
				"ulid": "01JC158AXFXFAZ87QKEW5D14KT",
				"minTime": 1730613600000,
				"maxTime": 1730635200000
			},
			{
				"ulid": "01JC3P15HHBHQ4WEAABD4D017N",
				"minTime": 1730635200000,
				"maxTime": 1730649600000
			}
		]
	},
	"version": 1
}