<?xml version="1.0" encoding="UTF-8"?>
<mappings xmlns="http://dozer.sourceforge.net"
          xmlns:xsi="http://www.w3.org/2001/XMLSchema-instance"
          xsi:schemaLocation="http://dozer.sourceforge.net
 http://dozer.sourceforge.net/schema/beanmapping.xsd">
    <mapping>
        <class-a>ValueObject</class-a>
        <class-b>java.util.Map</class-b>
        <field11>
            <a>field11</a>
            <b key="A">this</b>
        </field11>
        <field11>
            <a>field22</a>
            <b key="B">this</b>
        </field11>
    </mapping>
    <mapping map-id="AAA">
        <class-a>ValueObject</class-a>
        <class-b>java.util.Map</class-b>
        <field11>
            <a>field11</a>
            <b key="C">this</b>
        </field11>
        <field11>
            <a>field22</a>
            <b key="D">this</b>
        </field11>
    </mapping>
</mappings>
