<?xml version="1.0" encoding="UTF-8"?>
<mappings xmlns="http://dozer.sourceforge.net"
          xmlns:xsi="http://www.w3.org/2001/XMLSchema-instance"
          xsi:schemaLocation="http://dozer.sourceforge.net
 http://dozer.sourceforge.net/schema/beanmapping.xsd">
    <mapping>
        <class-a>SourceObject</class-a>
        <class-b>DestinationObject</class-b>
        <field11>
            <a is-accessible="true">sourceField1</a>
            <b>destField1</b>
        </field11>
        <field11>
            <a is-accessible="true">fingerprintId</a>
            <b>fingerprintId</b>
        </field11>
        <field11>
            <a>addresses</a>
            <b>destinationAddresses</b>
        </field11>
    </mapping>
    <mapping>
        <class-a>FingerprintId</class-a>
        <class-b>FingerprintId</class-b>
        <field11>
            <a is-accessible="true">field11</a>
            <b is-accessible="true">field11</b>
        </field11>
    </mapping>
    <mapping>
        <class-a>SourceAddress</class-a>
        <class-b>DestinationAddress</class-b>
        <field11>
            <a>sourceField1</a>
            <b>destinationField1</b>
        </field11>
    </mapping>
</mappings>
