<?xml version="1.0" encoding="UTF-8"?>
<mappings xmlns="http://dozer.sourceforge.net"
          xmlns:xsi="http://www.w3.org/2001/XMLSchema-instance"
          xsi:schemaLocation="http://dozer.sourceforge.net
 http://dozer.sourceforge.net/schema/beanmapping.xsd">
    <mapping>
        <class-a>SubClass1</class-a>
        <class-b>DestClass</class-b>
        <field11 type="one-way">
            <a>field11</a>
            <b is-accessible="true">FromClass.SubClass1</b>
        </field11>
        <field11>
            <a>field11</a>
            <b>field11</b>
        </field11>
    </mapping>
    <mapping>
        <class-a>SubClass2</class-a>
        <class-b>DestClass</class-b>
        <field11 type="one-way">
            <a>field11</a>
            <b is-accessible="true">FromClass.SubClass2</b>
        </field11>
        <field11>
            <a>field11</a>
            <b>field11</b>
        </field11>
    </mapping>
</mappings>
